run_id,model,prompt_id,rag_index,scope,n,tp,fp,tn,fn,invalid,recall,recall_lo,recall_hi,fpr,fpr_lo,fpr_hi,precision,precision_lo,precision_hi,f1,f1_lo,f1_hi,latency_mean,latency_median,tokens_in_mean,tokens_out_mean
baseline,baseline,rules,,all,109,35,12,42,20,0,0.6363636363636364,0.5094174114531612,0.7609387351778656,0.2222222222222222,0.11764705882352941,0.34429210134128163,0.7446808510638298,0.6249305555555555,0.8679655455291222,0.6862745098039216,0.5652046035805626,0.7778070175438596,0.0,0.0,0.0,0.0
baseline,baseline,rules,,shai_hulud,15,15,0,0,0,0,1.0,1.0,1.0,,,,1.0,1.0,1.0,1.0,1.0,1.0,0.0,0.0,0.0,0.0
baseline,baseline,rules,,nato_malevolo,28,15,0,0,13,0,0.5357142857142857,0.35714285714285715,0.7142857142857143,,,,1.0,1.0,1.0,0.6976744186046512,0.5263157894736842,0.8333333333333334,0.0,0.0,0.0,0.0
baseline,baseline,rules,,compromesso,12,5,0,0,7,0,0.4166666666666667,0.16666666666666666,0.6666666666666666,,,,1.0,1.0,1.0,0.5882352941176471,0.2857142857142857,0.8,0.0,0.0,0.0,0.0
baseline,baseline,rules,,shai_hulud_w1,5,5,0,0,0,0,1.0,1.0,1.0,,,,1.0,1.0,1.0,1.0,1.0,1.0,0.0,0.0,0.0,0.0
baseline,baseline,rules,,shai_hulud_w2,5,5,0,0,0,0,1.0,1.0,1.0,,,,1.0,1.0,1.0,1.0,1.0,1.0,0.0,0.0,0.0,0.0
baseline,baseline,rules,,shai_hulud_w3,5,5,0,0,0,0,1.0,1.0,1.0,,,,1.0,1.0,1.0,1.0,1.0,1.0,0.0,0.0,0.0,0.0
baseline,baseline,rules,,benigno_popolare,20,0,6,14,0,0,,,,0.3,0.1,0.5,0.0,0.0,0.0,0.0,0.0,0.0,0.0,0.0,0.0,0.0
baseline,baseline,rules,,benigno_difficile,20,0,5,15,0,0,,,,0.25,0.09875000000000007,0.45,0.0,0.0,0.0,0.0,0.0,0.0,0.0,0.0,0.0,0.0
baseline,baseline,rules,,pulito_accoppiato,14,0,1,13,0,0,,,,0.07142857142857142,0.0,0.21428571428571427,0.0,0.0,0.0,0.0,0.0,0.0,0.0,0.0,0.0,0.0
control,granite4.2:8b,p1,,all,29,15,3,11,0,0,1.0,1.0,1.0,0.21428571428571427,0.0,0.45454545454545453,0.8333333333333334,0.6470588235294118,1.0,0.9090909090909091,0.7857142857142857,1.0,31.197344827586207,22.88,1276.1724137931035,400.41379310344826
control,granite4.2:8b,p1,,shai_hulud,15,15,0,0,0,0,1.0,1.0,1.0,,,,1.0,1.0,1.0,1.0,1.0,1.0,38.0552,40.75,1526.4666666666667,478.0
control,granite4.2:8b,p1,,shai_hulud_w1,5,5,0,0,0,0,1.0,1.0,1.0,,,,1.0,1.0,1.0,1.0,1.0,1.0,40.2456,42.22,1101.4,550.0
control,granite4.2:8b,p1,,shai_hulud_w2,5,5,0,0,0,0,1.0,1.0,1.0,,,,1.0,1.0,1.0,1.0,1.0,1.0,36.343599999999995,24.718,1918.2,413.6
control,granite4.2:8b,p1,,shai_hulud_w3,5,5,0,0,0,0,1.0,1.0,1.0,,,,1.0,1.0,1.0,1.0,1.0,1.0,37.5764,22.833,1559.8,470.4
control,granite4.2:8b,p1,,pulito_accoppiato,14,0,3,11,0,0,,,,0.21428571428571427,0.0,0.42857142857142855,0.0,0.0,0.0,0.0,0.0,0.0,23.849642857142857,14.647499999999999,1008.0,317.2857142857143
control,granite4.2:8b,p3,storico_base,all,29,14,3,11,1,0,0.9333333333333333,0.7857142857142857,1.0,0.21428571428571427,0.0,0.45454545454545453,0.8235294117647058,0.625,1.0,0.875,0.7331818181818182,0.9743589743589743,35.23813793103448,31.8,2778.310344827586,316.7586206896552
control,granite4.2:8b,p3,storico_base,shai_hulud,15,14,0,0,1,0,0.9333333333333333,0.8,1.0,,,,1.0,1.0,1.0,0.9655172413793104,0.8888888888888888,1.0,43.208333333333336,37.017,3330.8,391.73333333333335
control,granite4.2:8b,p3,storico_base,shai_hulud_w1,5,5,0,0,0,0,1.0,1.0,1.0,,,,1.0,1.0,1.0,1.0,1.0,1.0,40.879,33.86,2934.6,404.6
control,granite4.2:8b,p3,storico_base,shai_hulud_w2,5,5,0,0,0,0,1.0,1.0,1.0,,,,1.0,1.0,1.0,1.0,1.0,1.0,44.1056,37.877,4057.8,359.0
control,granite4.2:8b,p3,storico_base,shai_hulud_w3,5,4,0,0,1,0,0.8,0.4,1.0,,,,1.0,1.0,1.0,0.8888888888888888,0.5714285714285714,1.0,44.6404,29.595,3000.0,411.6
control,granite4.2:8b,p3,storico_base,pulito_accoppiato,14,0,3,11,0,0,,,,0.21428571428571427,0.0,0.42857142857142855,0.0,0.0,0.0,0.0,0.0,0.0,26.698642857142858,15.781500000000001,2186.3571428571427,236.42857142857142
control-rq3,granite4.2:8b,p3,storico_w1,all,9,5,1,3,0,0,1.0,1.0,1.0,0.25,0.0,0.75,0.8333333333333334,0.5,1.0,0.9090909090909091,0.6666666666666666,1.0,36.18633333333334,37.26,3101.777777777778,306.22222222222223
control-rq3,granite4.2:8b,p3,storico_w1,shai_hulud,5,5,0,0,0,0,1.0,1.0,1.0,,,,1.0,1.0,1.0,1.0,1.0,1.0,50.6068,41.632,3973.4,425.0
control-rq3,granite4.2:8b,p3,storico_w1,shai_hulud_w2,5,5,0,0,0,0,1.0,1.0,1.0,,,,1.0,1.0,1.0,1.0,1.0,1.0,50.6068,41.632,3973.4,425.0
control-rq3,granite4.2:8b,p3,storico_w1,pulito_accoppiato,4,0,1,3,0,0,,,,0.25,0.0,0.75,0.0,0.0,0.0,0.0,0.0,0.0,18.16075,14.413499999999999,2012.25,157.75
control-rq3,granite4.2:8b,p3,storico_w1w2,all,10,4,1,4,1,0,0.8,0.3333333333333333,1.0,0.2,0.0,0.6666666666666666,0.8,0.4,1.0,0.8,0.4,1.0,37.4071,31.426000000000002,2971.8,391.8
control-rq3,granite4.2:8b,p3,storico_w1w2,shai_hulud,5,4,0,0,1,0,0.8,0.4,1.0,,,,1.0,1.0,1.0,0.8888888888888888,0.5714285714285714,1.0,41.733,34.338,3022.6,409.6
control-rq3,granite4.2:8b,p3,storico_w1w2,shai_hulud_w3,5,4,0,0,1,0,0.8,0.4,1.0,,,,1.0,1.0,1.0,0.8888888888888888,0.5714285714285714,1.0,41.733,34.338,3022.6,409.6
control-rq3,granite4.2:8b,p3,storico_w1w2,pulito_accoppiato,5,0,1,4,0,0,,,,0.2,0.0,0.6,0.0,0.0,0.0,0.0,0.0,0.0,33.0812,23.527,2921.0,374.0
main,gemma3:4b,p0,,all,109,49,28,26,6,2,0.8909090909090909,0.8,0.9649122807017544,0.5185185185185185,0.3870347394540943,0.6470588235294118,0.6363636363636364,0.5324675324675324,0.7397260273972602,0.7424242424242424,0.6504065040650406,0.817550090628521,15.079990825688073,10.512,1015.1467889908257,349.43119266055044
main,gemma3:4b,p0,,shai_hulud,15,15,0,0,0,0,1.0,1.0,1.0,,,,1.0,1.0,1.0,1.0,1.0,1.0,16.7136,15.418,1186.6,424.46666666666664
main,gemma3:4b,p0,,nato_malevolo,28,25,0,0,3,0,0.8928571428571429,0.75,1.0,,,,1.0,1.0,1.0,0.9433962264150944,0.8571428571428571,1.0,15.680250000000001,11.44,821.0,376.35714285714283
main,gemma3:4b,p0,,compromesso,12,9,0,0,3,0,0.75,0.5,1.0,,,,1.0,1.0,1.0,0.8571428571428571,0.6666666666666666,1.0,14.900333333333334,9.3915,961.0,339.4166666666667
main,gemma3:4b,p0,,shai_hulud_w1,5,5,0,0,0,0,1.0,1.0,1.0,,,,1.0,1.0,1.0,1.0,1.0,1.0,8.6252,7.738,742.2,212.8
main,gemma3:4b,p0,,shai_hulud_w2,5,5,0,0,0,0,1.0,1.0,1.0,,,,1.0,1.0,1.0,1.0,1.0,1.0,20.7628,20.795,1578.2,570.6
main,gemma3:4b,p0,,shai_hulud_w3,5,5,0,0,0,0,1.0,1.0,1.0,,,,1.0,1.0,1.0,1.0,1.0,1.0,20.752799999999997,26.641,1239.4,490.0
main,gemma3:4b,p0,,benigno_popolare,20,0,9,11,0,1,,,,0.45,0.25,0.65,0.0,0.0,0.0,0.0,0.0,0.0,15.869800000000001,8.4545,1429.65,329.65
main,gemma3:4b,p0,,benigno_difficile,20,0,14,6,0,0,,,,0.7,0.5,0.9,0.0,0.0,0.0,0.0,0.0,0.0,14.42155,10.3625,1030.5,322.4
main,gemma3:4b,p0,,pulito_accoppiato,14,0,5,9,0,1,,,,0.35714285714285715,0.14285714285714285,0.5714285714285714,0.0,0.0,0.0,0.0,0.0,0.0,12.0955,7.461500000000001,652.0714285714286,290.64285714285717
main,gemma3:4b,p1,,all,109,53,39,15,2,0,0.9636363636363636,0.912200956937799,1.0,0.7222222222222222,0.5964827935222672,0.8421052631578947,0.5760869565217391,0.477209595959596,0.6742388546574845,0.7210884353741497,0.6370370370370371,0.7950853494331754,14.588357798165138,10.184,1371.1467889908256,320.39449541284404
main,gemma3:4b,p1,,shai_hulud,15,15,0,0,0,0,1.0,1.0,1.0,,,,1.0,1.0,1.0,1.0,1.0,1.0,13.9544,10.199,1542.6,326.46666666666664
main,gemma3:4b,p1,,nato_malevolo,28,26,0,0,2,0,0.9285714285714286,0.8214285714285714,1.0,,,,1.0,1.0,1.0,0.9629629629629629,0.9019607843137255,1.0,13.557071428571428,11.245000000000001,1177.0,306.07142857142856
main,gemma3:4b,p1,,compromesso,12,12,0,0,0,0,1.0,1.0,1.0,,,,1.0,1.0,1.0,1.0,1.0,1.0,13.252250000000002,9.059,1317.0,269.6666666666667
main,gemma3:4b,p1,,shai_hulud_w1,5,5,0,0,0,0,1.0,1.0,1.0,,,,1.0,1.0,1.0,1.0,1.0,1.0,14.5524,8.325,1098.2,374.2
main,gemma3:4b,p1,,shai_hulud_w2,5,5,0,0,0,0,1.0,1.0,1.0,,,,1.0,1.0,1.0,1.0,1.0,1.0,13.978,10.621,1934.2,320.8
main,gemma3:4b,p1,,shai_hulud_w3,5,5,0,0,0,0,1.0,1.0,1.0,,,,1.0,1.0,1.0,1.0,1.0,1.0,13.3328,9.079,1595.4,284.4
main,gemma3:4b,p1,,benigno_popolare,20,0,16,4,0,0,,,,0.8,0.64875,0.95,0.0,0.0,0.0,0.0,0.0,0.0,18.5007,10.056999999999999,1785.65,389.9
main,gemma3:4b,p1,,benigno_difficile,20,0,16,4,0,0,,,,0.8,0.6,0.95,0.0,0.0,0.0,0.0,0.0,0.0,16.420350000000003,10.981,1386.5,362.4
main,gemma3:4b,p1,,pulito_accoppiato,14,0,7,7,0,0,,,,0.5,0.2857142857142857,0.7142857142857143,0.0,0.0,0.0,0.0,0.0,0.0,10.269214285714284,9.1615,1008.0714285714286,226.71428571428572
main,gemma3:4b,p2,,all,109,44,23,31,11,10,0.8,0.6923076923076923,0.9,0.42592592592592593,0.2982362821948488,0.5636963979416809,0.6567164179104478,0.5507246376811594,0.7671232876712328,0.7213114754098361,0.6270928518791452,0.8032901792554006,15.879541284403674,10.938,2796.146788990826,301.76146788990826
main,gemma3:4b,p2,,shai_hulud,15,15,0,0,0,0,1.0,1.0,1.0,,,,1.0,1.0,1.0,1.0,1.0,1.0,20.996600000000004,16.397,2967.6,460.1333333333333
main,gemma3:4b,p2,,nato_malevolo,28,23,0,0,5,1,0.8214285714285714,0.6428571428571429,0.9285714285714286,,,,1.0,1.0,1.0,0.9019607843137255,0.782608695652174,0.9629629629629629,14.207464285714282,11.033000000000001,2602.0,281.89285714285717
main,gemma3:4b,p2,,compromesso,12,6,0,0,6,2,0.5,0.16666666666666666,0.75,,,,1.0,1.0,1.0,0.6666666666666666,0.2857142857142857,0.8571428571428571,15.995083333333335,9.2335,2742.0,312.25
main,gemma3:4b,p2,,shai_hulud_w1,5,5,0,0,0,0,1.0,1.0,1.0,,,,1.0,1.0,1.0,1.0,1.0,1.0,24.5634,27.085,2523.2,596.4
main,gemma3:4b,p2,,shai_hulud_w2,5,5,0,0,0,0,1.0,1.0,1.0,,,,1.0,1.0,1.0,1.0,1.0,1.0,18.385199999999998,14.058,3359.2,386.8
main,gemma3:4b,p2,,shai_hulud_w3,5,5,0,0,0,0,1.0,1.0,1.0,,,,1.0,1.0,1.0,1.0,1.0,1.0,20.0412,16.397,3020.4,397.2
main,gemma3:4b,p2,,benigno_popolare,20,0,9,11,0,2,,,,0.45,0.25,0.65,0.0,0.0,0.0,0.0,0.0,0.0,16.429949999999998,13.276499999999999,3210.65,269.4
main,gemma3:4b,p2,,benigno_difficile,20,0,10,10,0,3,,,,0.5,0.3,0.7,0.0,0.0,0.0,0.0,0.0,0.0,16.275799999999997,10.076,2811.5,307.05
main,gemma3:4b,p2,,pulito_accoppiato,14,0,4,10,0,2,,,,0.2857142857142857,0.07142857142857142,0.5,0.0,0.0,0.0,0.0,0.0,0.0,12.289714285714286,7.547000000000001,2433.0714285714284,201.5
main,gemma3:4b,p3,storico_base,all,109,48,24,30,7,2,0.8727272727272727,0.78121875,0.9482977790765634,0.4444444444444444,0.31031347962382444,0.580016129032258,0.6666666666666666,0.5609663710273467,0.7761243126472899,0.7559055118110236,0.6666666666666666,0.835820895522388,16.163119266055045,13.557,2806.256880733945,243.74311926605503
main,gemma3:4b,p3,storico_base,shai_hulud,15,15,0,0,0,0,1.0,1.0,1.0,,,,1.0,1.0,1.0,1.0,1.0,1.0,14.6582,13.144,3372.5333333333333,217.53333333333333
main,gemma3:4b,p3,storico_base,nato_malevolo,28,24,0,0,4,1,0.8571428571428571,0.7142857142857143,0.9642857142857143,,,,1.0,1.0,1.0,0.9230769230769231,0.8333333333333334,0.9818181818181818,16.146464285714284,13.7075,2409.1428571428573,272.25
main,gemma3:4b,p3,storico_base,compromesso,12,9,0,0,3,0,0.75,0.5,1.0,,,,1.0,1.0,1.0,0.8571428571428571,0.6666666666666666,1.0,15.388750000000002,13.055,2721.5,235.25
main,gemma3:4b,p3,storico_base,shai_hulud_w1,5,5,0,0,0,0,1.0,1.0,1.0,,,,1.0,1.0,1.0,1.0,1.0,1.0,11.7842,11.777,2948.6,193.0
main,gemma3:4b,p3,storico_base,shai_hulud_w2,5,5,0,0,0,0,1.0,1.0,1.0,,,,1.0,1.0,1.0,1.0,1.0,1.0,15.9562,15.517,4101.2,231.8
main,gemma3:4b,p3,storico_base,shai_hulud_w3,5,5,0,0,0,0,1.0,1.0,1.0,,,,1.0,1.0,1.0,1.0,1.0,1.0,16.234199999999998,15.156,3067.8,227.8
main,gemma3:4b,p3,storico_base,benigno_popolare,20,0,11,9,0,0,,,,0.55,0.3,0.75,0.0,0.0,0.0,0.0,0.0,0.0,16.82855,12.051,3274.55,234.55
main,gemma3:4b,p3,storico_base,benigno_difficile,20,0,9,11,0,0,,,,0.45,0.25,0.65,0.0,0.0,0.0,0.0,0.0,0.0,16.440099999999994,14.489,2938.35,252.1
main,gemma3:4b,p3,storico_base,pulito_accoppiato,14,0,4,10,0,1,,,,0.2857142857142857,0.07142857142857142,0.5,0.0,0.0,0.0,0.0,0.0,0.0,17.126285714285714,10.5085,2208.714285714286,223.28571428571428
main,llama3.2:3b,p0,,all,109,46,33,21,9,0,0.8363636363636363,0.7321085164835165,0.9298548094373865,0.6111111111111112,0.4807291666666667,0.7400185185185185,0.5822784810126582,0.47559451219512194,0.6923333333333332,0.6865671641791045,0.5919826086956521,0.7703048520961907,6.868917431192659,5.788,875.7339449541284,195.045871559633
main,llama3.2:3b,p0,,shai_hulud,15,15,0,0,0,0,1.0,1.0,1.0,,,,1.0,1.0,1.0,1.0,1.0,1.0,7.719266666666667,6.13,1032.7333333333333,203.13333333333333
main,llama3.2:3b,p0,,nato_malevolo,28,23,0,0,5,0,0.8214285714285714,0.6785714285714286,0.9642857142857143,,,,1.0,1.0,1.0,0.9019607843137255,0.8085106382978723,0.9818181818181818,6.29925,5.5855,716.5357142857143,191.28571428571428
main,llama3.2:3b,p0,,compromesso,12,8,0,0,4,0,0.6666666666666666,0.4166666666666667,0.9166666666666666,,,,1.0,1.0,1.0,0.8,0.5882352941176471,0.9565217391304348,6.445250000000001,5.586,810.5833333333334,186.91666666666666
main,llama3.2:3b,p0,,shai_hulud_w1,5,5,0,0,0,0,1.0,1.0,1.0,,,,1.0,1.0,1.0,1.0,1.0,1.0,5.854,5.148,662.2,150.8
main,llama3.2:3b,p0,,shai_hulud_w2,5,5,0,0,0,0,1.0,1.0,1.0,,,,1.0,1.0,1.0,1.0,1.0,1.0,7.005000000000001,6.13,1361.2,156.8
main,llama3.2:3b,p0,,shai_hulud_w3,5,5,0,0,0,0,1.0,1.0,1.0,,,,1.0,1.0,1.0,1.0,1.0,1.0,10.2988,8.412,1074.8,301.8
main,llama3.2:3b,p0,,benigno_popolare,20,0,11,9,0,0,,,,0.55,0.3,0.75,0.0,0.0,0.0,0.0,0.0,0.0,8.21055,6.98,1225.85,209.25
main,llama3.2:3b,p0,,benigno_difficile,20,0,16,4,0,0,,,,0.8,0.6,0.95,0.0,0.0,0.0,0.0,0.0,0.0,6.701600000000001,5.5344999999999995,878.1,190.3
main,llama3.2:3b,p0,,pulito_accoppiato,14,0,6,8,0,0,,,,0.42857142857142855,0.21428571428571427,0.6446428571428555,0.0,0.0,0.0,0.0,0.0,0.0,5.782714285714285,4.965,578.2142857142857,187.35714285714286
main,llama3.2:3b,p1,,all,109,43,25,29,12,0,0.7818181818181819,0.6665384615384615,0.896551724137931,0.46296296296296297,0.3331896551724138,0.5918556311413454,0.6323529411764706,0.5205342465753424,0.7464788732394366,0.6991869918699187,0.6037234930706294,0.7852405949256342,7.634880733944953,5.851,1207.7339449541284,219.14678899082568
main,llama3.2:3b,p1,,shai_hulud,15,14,0,0,1,0,0.9333333333333333,0.8,1.0,,,,1.0,1.0,1.0,0.9655172413793104,0.8888888888888888,1.0,6.9948000000000015,7.082,1364.7333333333333,188.6
main,llama3.2:3b,p1,,nato_malevolo,28,19,0,0,9,0,0.6785714285714286,0.5,0.8571428571428571,,,,1.0,1.0,1.0,0.8085106382978723,0.6666666666666666,0.9230769230769231,6.209392857142858,5.496,1048.5357142857142,187.17857142857142
main,llama3.2:3b,p1,,compromesso,12,10,0,0,2,0,0.8333333333333334,0.5833333333333334,1.0,,,,1.0,1.0,1.0,0.9090909090909091,0.7368421052631579,1.0,6.425583333333332,6.0985,1142.5833333333333,177.33333333333334
main,llama3.2:3b,p1,,shai_hulud_w1,5,5,0,0,0,0,1.0,1.0,1.0,,,,1.0,1.0,1.0,1.0,1.0,1.0,5.7494,5.273,994.2,176.6
main,llama3.2:3b,p1,,shai_hulud_w2,5,5,0,0,0,0,1.0,1.0,1.0,,,,1.0,1.0,1.0,1.0,1.0,1.0,7.798,7.163,1693.2,184.4
main,llama3.2:3b,p1,,shai_hulud_w3,5,4,0,0,1,0,0.8,0.4,1.0,,,,1.0,1.0,1.0,0.8888888888888888,0.5714285714285714,1.0,7.437,7.138,1406.8,204.8
main,llama3.2:3b,p1,,benigno_popolare,20,0,9,11,0,0,,,,0.45,0.25,0.65,0.0,0.0,0.0,0.0,0.0,0.0,10.488199999999999,6.255,1557.85,274.05
main,llama3.2:3b,p1,,benigno_difficile,20,0,13,7,0,0,,,,0.65,0.45,0.85,0.0,0.0,0.0,0.0,0.0,0.0,7.49855,6.6455,1210.1,218.05
main,llama3.2:3b,p1,,pulito_accoppiato,14,0,3,11,0,0,,,,0.21428571428571427,0.0,0.42857142857142855,0.0,0.0,0.0,0.0,0.0,0.0,8.326785714285714,5.5635,910.2142857142857,274.7857142857143
main,llama3.2:3b,p2,,all,109,38,10,44,17,9,0.6909090909090909,0.5635454545454546,0.8113207547169812,0.18518518518518517,0.0847457627118644,0.28578296703296696,0.7916666666666666,0.6785714285714286,0.9000490196078431,0.7378640776699029,0.6336381087088301,0.8316831683168316,9.804036697247707,6.1,2448.733944954128,259.8073394495413
main,llama3.2:3b,p2,,shai_hulud,15,11,0,0,4,3,0.7333333333333333,0.4666666666666667,0.9333333333333333,,,,1.0,1.0,1.0,0.8461538461538461,0.6363636363636364,0.9655172413793104,12.539333333333333,8.887,2605.733333333333,361.8666666666667
main,llama3.2:3b,p2,,nato_malevolo,28,20,0,0,8,1,0.7142857142857143,0.5357142857142857,0.8580357142857135,,,,1.0,1.0,1.0,0.8333333333333334,0.6976744186046512,0.923584905660377,8.63325,6.359500000000001,2289.535714285714,245.96428571428572
main,llama3.2:3b,p2,,compromesso,12,7,0,0,5,1,0.5833333333333334,0.25,0.8333333333333334,,,,1.0,1.0,1.0,0.7368421052631579,0.4,0.9090909090909091,8.071916666666667,5.6675,2383.5833333333335,192.25
main,llama3.2:3b,p2,,shai_hulud_w1,5,5,0,0,0,0,1.0,1.0,1.0,,,,1.0,1.0,1.0,1.0,1.0,1.0,5.942,4.992,2235.2,151.2
main,llama3.2:3b,p2,,shai_hulud_w2,5,4,0,0,1,0,0.8,0.4,1.0,,,,1.0,1.0,1.0,0.8888888888888888,0.5714285714285714,1.0,9.3746,8.887,2934.2,220.4
main,llama3.2:3b,p2,,shai_hulud_w3,5,2,0,0,3,3,0.4,0.0,0.8,,,,1.0,1.0,1.0,0.5714285714285714,0.0,0.8888888888888888,22.3014,26.356,2647.8,714.0
main,llama3.2:3b,p2,,benigno_popolare,20,0,1,19,0,1,,,,0.05,0.0,0.15,0.0,0.0,0.0,0.0,0.0,0.0,11.3575,8.4275,2798.85,271.95
main,llama3.2:3b,p2,,benigno_difficile,20,0,7,13,0,2,,,,0.35,0.15,0.55,0.0,0.0,0.0,0.0,0.0,0.0,10.26975,5.4510000000000005,2451.1,274.4
main,llama3.2:3b,p2,,pulito_accoppiato,14,0,2,12,0,1,,,,0.14285714285714285,0.0,0.35714285714285715,0.0,0.0,0.0,0.0,0.0,0.0,7.815071428571429,5.4805,2151.214285714286,197.85714285714286
main,llama3.2:3b,p3,storico_base,all,109,39,20,34,16,0,0.7090909090909091,0.5848663522012578,0.8363636363636363,0.37037037037037035,0.24527339237581824,0.49122807017543857,0.6610169491525424,0.539616402116402,0.7833578431372549,0.6842105263157895,0.5765185978057266,0.77688246097337,11.209284403669724,9.465,2463.045871559633,236.8440366972477
main,llama3.2:3b,p3,storico_base,shai_hulud,15,13,0,0,2,0,0.8666666666666667,0.6666666666666666,1.0,,,,1.0,1.0,1.0,0.9285714285714286,0.8,1.0,14.1454,12.865,2918.266666666667,314.93333333333334
main,llama3.2:3b,p3,storico_base,nato_malevolo,28,19,0,0,9,0,0.6785714285714286,0.5,0.8214285714285714,,,,1.0,1.0,1.0,0.8085106382978723,0.6666666666666666,0.9019607843137255,9.99475,8.620000000000001,2202.25,219.14285714285714
main,llama3.2:3b,p3,storico_base,compromesso,12,7,0,0,5,0,0.5833333333333334,0.3333333333333333,0.8333333333333334,,,,1.0,1.0,1.0,0.7368421052631579,0.5,0.9090909090909091,9.854583333333332,8.6145,2349.6666666666665,195.33333333333334
main,llama3.2:3b,p3,storico_base,shai_hulud_w1,5,5,0,0,0,0,1.0,1.0,1.0,,,,1.0,1.0,1.0,1.0,1.0,1.0,16.031799999999997,12.865,2563.2,407.4
main,llama3.2:3b,p3,storico_base,shai_hulud_w2,5,5,0,0,0,0,1.0,1.0,1.0,,,,1.0,1.0,1.0,1.0,1.0,1.0,12.895999999999997,13.077,3528.2,238.8
main,llama3.2:3b,p3,storico_base,shai_hulud_w3,5,3,0,0,2,0,0.6,0.2,1.0,,,,1.0,1.0,1.0,0.75,0.3333333333333333,1.0,13.5084,11.836,2663.4,298.6
main,llama3.2:3b,p3,storico_base,benigno_popolare,20,0,10,10,0,0,,,,0.5,0.3,0.75,0.0,0.0,0.0,0.0,0.0,0.0,13.803650000000001,9.9985,2840.45,271.45
main,llama3.2:3b,p3,storico_base,benigno_difficile,20,0,9,11,0,0,,,,0.45,0.25,0.65,0.0,0.0,0.0,0.0,0.0,0.0,10.61185,9.5135,2534.75,218.95
main,llama3.2:3b,p3,storico_base,pulito_accoppiato,14,0,1,13,0,0,,,,0.07142857142857142,0.0,0.21428571428571427,0.0,0.0,0.0,0.0,0.0,0.0,8.800928571428573,7.3534999999999995,1952.5,200.28571428571428
main,qwen2.5-coder:7b,p0,,all,109,48,32,22,7,0,0.8727272727272727,0.7691964285714287,0.9574689716312057,0.5925925925925926,0.4642857142857143,0.7170390599139357,0.6,0.5,0.7051282051282052,0.7111111111111111,0.6178861788617886,0.7945250839154495,11.208963302752293,9.768,899.348623853211,188.4678899082569
main,qwen2.5-coder:7b,p0,,shai_hulud,15,14,0,0,1,0,0.9333333333333333,0.8,1.0,,,,1.0,1.0,1.0,0.9655172413793104,0.8888888888888888,1.0,12.368066666666667,11.209,1069.0666666666666,189.93333333333334
main,qwen2.5-coder:7b,p0,,nato_malevolo,28,25,0,0,3,0,0.8928571428571429,0.7848214285714286,1.0,,,,1.0,1.0,1.0,0.9433962264150944,0.8794285714285714,1.0,10.067821428571426,9.071,734.2857142857143,180.25
main,qwen2.5-coder:7b,p0,,compromesso,12,9,0,0,3,0,0.75,0.5,1.0,,,,1.0,1.0,1.0,0.8571428571428571,0.6666666666666666,1.0,9.975,9.0545,829.3333333333334,170.75
main,qwen2.5-coder:7b,p0,,shai_hulud_w1,5,5,0,0,0,0,1.0,1.0,1.0,,,,1.0,1.0,1.0,1.0,1.0,1.0,10.7748,10.135,671.4,177.6
main,qwen2.5-coder:7b,p0,,shai_hulud_w2,5,5,0,0,0,0,1.0,1.0,1.0,,,,1.0,1.0,1.0,1.0,1.0,1.0,14.124799999999999,12.465,1409.6,204.2
main,qwen2.5-coder:7b,p0,,shai_hulud_w3,5,4,0,0,1,0,0.8,0.4,1.0,,,,1.0,1.0,1.0,0.8888888888888888,0.5714285714285714,1.0,12.2046,10.186,1126.2,188.0
main,qwen2.5-coder:7b,p0,,benigno_popolare,20,0,11,9,0,0,,,,0.55,0.34875000000000006,0.75,0.0,0.0,0.0,0.0,0.0,0.0,14.348450000000003,9.661000000000001,1262.9,224.55
main,qwen2.5-coder:7b,p0,,benigno_difficile,20,0,15,5,0,0,,,,0.75,0.55,0.9,0.0,0.0,0.0,0.0,0.0,0.0,11.406550000000001,10.057,902.9,192.4
main,qwen2.5-coder:7b,p0,,pulito_accoppiato,14,0,6,8,0,0,,,,0.42857142857142855,0.21428571428571427,0.7142857142857143,0.0,0.0,0.0,0.0,0.0,0.0,8.539785714285715,8.013,583.2142857142857,161.35714285714286
main,qwen2.5-coder:7b,p1,,all,109,48,22,32,7,0,0.8727272727272727,0.7692307692307693,0.9482758620689655,0.4074074074074074,0.2711864406779661,0.5263157894736842,0.6857142857142857,0.5846153846153846,0.7945293291183702,0.768,0.6785636645962734,0.8421052631578947,10.920963302752293,9.627,1233.348623853211,177.44954128440367
main,qwen2.5-coder:7b,p1,,shai_hulud,15,14,0,0,1,0,0.9333333333333333,0.8,1.0,,,,1.0,1.0,1.0,0.9655172413793104,0.8888888888888888,1.0,11.7262,10.707,1403.0666666666666,185.46666666666667
main,qwen2.5-coder:7b,p1,,nato_malevolo,28,25,0,0,3,0,0.8928571428571429,0.75,1.0,,,,1.0,1.0,1.0,0.9433962264150944,0.8571428571428571,1.0,10.366964285714285,8.701,1068.2857142857142,187.35714285714286
main,qwen2.5-coder:7b,p1,,compromesso,12,9,0,0,3,0,0.75,0.5,1.0,,,,1.0,1.0,1.0,0.8571428571428571,0.6666666666666666,1.0,10.24875,10.027999999999999,1163.3333333333333,165.33333333333334
main,qwen2.5-coder:7b,p1,,shai_hulud_w1,5,5,0,0,0,0,1.0,1.0,1.0,,,,1.0,1.0,1.0,1.0,1.0,1.0,10.9282,10.765,1005.4,205.2
main,qwen2.5-coder:7b,p1,,shai_hulud_w2,5,5,0,0,0,0,1.0,1.0,1.0,,,,1.0,1.0,1.0,1.0,1.0,1.0,11.9524,10.955,1743.6,153.2
main,qwen2.5-coder:7b,p1,,shai_hulud_w3,5,4,0,0,1,0,0.8,0.4,1.0,,,,1.0,1.0,1.0,0.8888888888888888,0.5714285714285714,1.0,12.297999999999998,10.4,1460.2,198.0
main,qwen2.5-coder:7b,p1,,benigno_popolare,20,0,8,12,0,0,,,,0.4,0.2,0.6,0.0,0.0,0.0,0.0,0.0,0.0,12.734599999999999,9.399000000000001,1596.9,173.85
main,qwen2.5-coder:7b,p1,,benigno_difficile,20,0,9,11,0,0,,,,0.45,0.25,0.65,0.0,0.0,0.0,0.0,0.0,0.0,11.4796,10.8065,1236.9,189.6
main,qwen2.5-coder:7b,p1,,pulito_accoppiato,14,0,5,9,0,0,,,,0.35714285714285715,0.14285714285714285,0.5714285714285714,0.0,0.0,0.0,0.0,0.0,0.0,8.353428571428573,7.813000000000001,917.2142857142857,147.21428571428572
main,qwen2.5-coder:7b,p2,,all,109,46,24,30,9,1,0.8363636363636363,0.7307692307692307,0.9298548094373865,0.4444444444444444,0.317016711833785,0.5806744868035191,0.6571428571428571,0.5540488565488566,0.7638888888888888,0.736,0.6440677966101694,0.8142989417989418,15.865467889908256,12.312,2570.348623853211,269.5045871559633
main,qwen2.5-coder:7b,p2,,shai_hulud,15,15,0,0,0,0,1.0,1.0,1.0,,,,1.0,1.0,1.0,1.0,1.0,1.0,14.938866666666664,14.407,2740.0666666666666,240.06666666666666
main,qwen2.5-coder:7b,p2,,nato_malevolo,28,23,0,0,5,1,0.8214285714285714,0.6785714285714286,0.9642857142857143,,,,1.0,1.0,1.0,0.9019607843137255,0.8085106382978723,0.9818181818181818,16.49764285714286,11.2125,2405.285714285714,318.7857142857143
main,qwen2.5-coder:7b,p2,,compromesso,12,8,0,0,4,0,0.6666666666666666,0.4166666666666667,0.9166666666666666,,,,1.0,1.0,1.0,0.8,0.5882352941176471,0.9565217391304348,12.191666666666668,11.251,2500.3333333333335,190.5
main,qwen2.5-coder:7b,p2,,shai_hulud_w1,5,5,0,0,0,0,1.0,1.0,1.0,,,,1.0,1.0,1.0,1.0,1.0,1.0,10.337,9.175,2342.4,158.6
main,qwen2.5-coder:7b,p2,,shai_hulud_w2,5,5,0,0,0,0,1.0,1.0,1.0,,,,1.0,1.0,1.0,1.0,1.0,1.0,16.0394,14.735,3080.6,238.4
main,qwen2.5-coder:7b,p2,,shai_hulud_w3,5,5,0,0,0,0,1.0,1.0,1.0,,,,1.0,1.0,1.0,1.0,1.0,1.0,18.440199999999997,12.729,2797.2,323.2
main,qwen2.5-coder:7b,p2,,benigno_popolare,20,0,9,11,0,0,,,,0.45,0.25,0.65,0.0,0.0,0.0,0.0,0.0,0.0,19.8994,13.968,2933.9,310.35
main,qwen2.5-coder:7b,p2,,benigno_difficile,20,0,10,10,0,0,,,,0.5,0.3,0.7,0.0,0.0,0.0,0.0,0.0,0.0,14.492949999999999,10.046,2573.9,246.05
main,qwen2.5-coder:7b,p2,,pulito_accoppiato,14,0,5,9,0,0,,,,0.35714285714285715,0.14285714285714285,0.5714285714285714,0.0,0.0,0.0,0.0,0.0,0.0,14.940857142857139,11.007,2254.214285714286,245.35714285714286
main,qwen2.5-coder:7b,p3,storico_base,all,109,45,22,32,10,0,0.8181818181818182,0.7058278867102397,0.912299771167048,0.4074074074074074,0.27446524064171124,0.5384615384615384,0.6716417910447762,0.5666447368421053,0.7762017120280947,0.7377049180327869,0.6428571428571429,0.8208955223880597,15.638798165137615,13.798,2548.7798165137615,175.43119266055047
main,qwen2.5-coder:7b,p3,storico_base,shai_hulud,15,14,0,0,1,0,0.9333333333333333,0.8,1.0,,,,1.0,1.0,1.0,0.9655172413793104,0.8888888888888888,1.0,17.2274,16.678,3028.9333333333334,176.73333333333332
main,qwen2.5-coder:7b,p3,storico_base,nato_malevolo,28,24,0,0,4,0,0.8571428571428571,0.7142857142857143,0.9642857142857143,,,,1.0,1.0,1.0,0.9230769230769231,0.8333333333333334,0.9818181818181818,14.6575,12.624,2271.1785714285716,176.64285714285714
main,qwen2.5-coder:7b,p3,storico_base,compromesso,12,7,0,0,5,0,0.5833333333333334,0.3333333333333333,0.8333333333333334,,,,1.0,1.0,1.0,0.7368421052631579,0.5,0.9090909090909091,15.087416666666668,13.1175,2427.5833333333335,169.16666666666666
main,qwen2.5-coder:7b,p3,storico_base,shai_hulud_w1,5,5,0,0,0,0,1.0,1.0,1.0,,,,1.0,1.0,1.0,1.0,1.0,1.0,16.304199999999998,16.4,2644.8,179.2
main,qwen2.5-coder:7b,p3,storico_base,shai_hulud_w2,5,5,0,0,0,0,1.0,1.0,1.0,,,,1.0,1.0,1.0,1.0,1.0,1.0,18.6856,19.287,3657.0,183.0
main,qwen2.5-coder:7b,p3,storico_base,shai_hulud_w3,5,4,0,0,1,0,0.8,0.4,1.0,,,,1.0,1.0,1.0,0.8888888888888888,0.5714285714285714,1.0,16.6924,14.907,2785.0,168.0
main,qwen2.5-coder:7b,p3,storico_base,benigno_popolare,20,0,8,12,0,0,,,,0.4,0.2,0.6,0.0,0.0,0.0,0.0,0.0,0.0,17.7629,13.2005,2942.65,178.25
main,qwen2.5-coder:7b,p3,storico_base,benigno_difficile,20,0,9,11,0,0,,,,0.45,0.25,0.65,0.0,0.0,0.0,0.0,0.0,0.0,15.73715,14.5515,2630.1,181.85
main,qwen2.5-coder:7b,p3,storico_base,pulito_accoppiato,14,0,5,9,0,0,,,,0.35714285714285715,0.14285714285714285,0.5714285714285714,0.0,0.0,0.0,0.0,0.0,0.0,13.197000000000001,10.4865,2014.5714285714287,163.78571428571428
main,qwen3:4b,p0,,all,109,50,27,27,5,0,0.9090909090909091,0.8275862068965517,0.9804015837104072,0.5,0.3620336348219333,0.6290959252971137,0.6493506493506493,0.5454545454545454,0.7605633802816901,0.7575757575757576,0.6715174129353234,0.8358473589499311,7.239669724770643,6.446,901.348623853211,196.61467889908258
main,qwen3:4b,p0,,shai_hulud,15,14,0,0,1,0,0.9333333333333333,0.8,1.0,,,,1.0,1.0,1.0,0.9655172413793104,0.8888888888888888,1.0,7.937933333333333,7.44,1071.0666666666666,201.2
main,qwen3:4b,p0,,nato_malevolo,28,27,0,0,1,0,0.9642857142857143,0.8928571428571429,1.0,,,,1.0,1.0,1.0,0.9818181818181818,0.9433962264150944,1.0,6.859142857142857,6.5015,736.2857142857143,198.5
main,qwen3:4b,p0,,compromesso,12,9,0,0,3,0,0.75,0.5,1.0,,,,1.0,1.0,1.0,0.8571428571428571,0.6666666666666666,1.0,6.390250000000001,6.084,831.3333333333334,176.08333333333334
main,qwen3:4b,p0,,shai_hulud_w1,5,5,0,0,0,0,1.0,1.0,1.0,,,,1.0,1.0,1.0,1.0,1.0,1.0,6.811600000000001,5.945,673.4,177.2
main,qwen3:4b,p0,,shai_hulud_w2,5,5,0,0,0,0,1.0,1.0,1.0,,,,1.0,1.0,1.0,1.0,1.0,1.0,8.151,7.255,1411.6,187.0
main,qwen3:4b,p0,,shai_hulud_w3,5,4,0,0,1,0,0.8,0.4,1.0,,,,1.0,1.0,1.0,0.8888888888888888,0.5714285714285714,1.0,8.8512,7.6,1128.2,239.4
main,qwen3:4b,p0,,benigno_popolare,20,0,9,11,0,0,,,,0.45,0.25,0.7,0.0,0.0,0.0,0.0,0.0,0.0,8.703999999999997,6.5075,1264.9,213.65
main,qwen3:4b,p0,,benigno_difficile,20,0,13,7,0,0,,,,0.65,0.45,0.85,0.0,0.0,0.0,0.0,0.0,0.0,7.337300000000001,6.663,904.9,198.7
main,qwen3:4b,p0,,pulito_accoppiato,14,0,5,9,0,0,,,,0.35714285714285715,0.14285714285714285,0.5714285714285714,0.0,0.0,0.0,0.0,0.0,0.0,5.749285714285714,5.3425,585.2142857142857,178.21428571428572
main,qwen3:4b,p1,,all,109,44,4,50,11,0,0.8,0.6862472766884532,0.9107142857142857,0.07407407407407407,0.01818181818181818,0.15098337064278858,0.9166666666666666,0.8333333333333334,0.9803921568627451,0.8543689320388349,0.7691919191919192,0.9259259259259259,7.139550458715596,6.091,1235.348623853211,188.77981651376146
main,qwen3:4b,p1,,shai_hulud,15,14,0,0,1,0,0.9333333333333333,0.8,1.0,,,,1.0,1.0,1.0,0.9655172413793104,0.8888888888888888,1.0,7.494266666666666,6.886,1405.0666666666666,193.53333333333333
main,qwen3:4b,p1,,nato_malevolo,28,23,0,0,5,0,0.8214285714285714,0.6785714285714286,0.9642857142857143,,,,1.0,1.0,1.0,0.9019607843137255,0.8085106382978723,0.9818181818181818,6.693714285714286,6.1365,1070.2857142857142,192.57142857142858
main,qwen3:4b,p1,,compromesso,12,7,0,0,5,0,0.5833333333333334,0.3333333333333333,0.8333333333333334,,,,1.0,1.0,1.0,0.7368421052631579,0.5,0.9090909090909091,6.795416666666667,5.955,1165.3333333333333,180.58333333333334
main,qwen3:4b,p1,,shai_hulud_w1,5,5,0,0,0,0,1.0,1.0,1.0,,,,1.0,1.0,1.0,1.0,1.0,1.0,5.9708,5.783,1007.4,178.0
main,qwen3:4b,p1,,shai_hulud_w2,5,5,0,0,0,0,1.0,1.0,1.0,,,,1.0,1.0,1.0,1.0,1.0,1.0,8.638200000000001,7.513,1745.6,198.6
main,qwen3:4b,p1,,shai_hulud_w3,5,4,0,0,1,0,0.8,0.4,1.0,,,,1.0,1.0,1.0,0.8888888888888888,0.5714285714285714,1.0,7.8738,6.843,1462.2,204.0
main,qwen3:4b,p1,,benigno_popolare,20,0,0,20,0,0,,,,0.0,0.0,0.0,,,,,,,8.323899999999998,5.676,1598.9,182.7
main,qwen3:4b,p1,,benigno_difficile,20,0,0,20,0,0,,,,0.0,0.0,0.0,,,,,,,7.3364,6.4575,1238.9,195.5
main,qwen3:4b,p1,,pulito_accoppiato,14,0,4,10,0,0,,,,0.2857142857142857,0.07142857142857142,0.5,0.0,0.0,0.0,0.0,0.0,0.0,5.973,5.7295,919.2142857142857,182.21428571428572
main,qwen3:4b,p2,,all,109,45,10,44,10,0,0.8181818181818182,0.7090909090909091,0.9230769230769231,0.18518518518518517,0.0784313725490196,0.2923076923076923,0.8181818181818182,0.7142857142857143,0.9167008196721311,0.8181818181818182,0.7326600070721357,0.8910891089108911,12.308935779816514,8.18,2572.348623853211,315.348623853211
main,qwen3:4b,p2,,shai_hulud,15,15,0,0,0,0,1.0,1.0,1.0,,,,1.0,1.0,1.0,1.0,1.0,1.0,19.561466666666664,20.242,2742.0666666666666,575.6
main,qwen3:4b,p2,,nato_malevolo,28,22,0,0,6,0,0.7857142857142857,0.6071428571428571,0.9285714285714286,,,,1.0,1.0,1.0,0.88,0.7555555555555555,0.9629629629629629,10.522321428571429,7.769,2407.285714285714,289.9642857142857
main,qwen3:4b,p2,,compromesso,12,8,0,0,4,0,0.6666666666666666,0.4166666666666667,0.9166666666666666,,,,1.0,1.0,1.0,0.8,0.5882352941176471,0.9565217391304348,8.250916666666667,7.3115000000000006,2502.3333333333335,187.5
main,qwen3:4b,p2,,shai_hulud_w1,5,5,0,0,0,0,1.0,1.0,1.0,,,,1.0,1.0,1.0,1.0,1.0,1.0,21.143,20.638,2344.4,667.6
main,qwen3:4b,p2,,shai_hulud_w2,5,5,0,0,0,0,1.0,1.0,1.0,,,,1.0,1.0,1.0,1.0,1.0,1.0,18.6006,20.242,3082.6,497.6
main,qwen3:4b,p2,,shai_hulud_w3,5,5,0,0,0,0,1.0,1.0,1.0,,,,1.0,1.0,1.0,1.0,1.0,1.0,18.9408,20.131,2799.2,561.6
main,qwen3:4b,p2,,benigno_popolare,20,0,3,17,0,0,,,,0.15,0.0,0.3,0.0,0.0,0.0,0.0,0.0,0.0,14.614200000000002,7.800000000000001,2935.9,316.8
main,qwen3:4b,p2,,benigno_difficile,20,0,4,16,0,0,,,,0.2,0.05,0.4,0.0,0.0,0.0,0.0,0.0,0.0,10.991249999999999,7.7330000000000005,2575.9,257.95
main,qwen3:4b,p2,,pulito_accoppiato,14,0,3,11,0,0,,,,0.21428571428571427,0.0,0.42857142857142855,0.0,0.0,0.0,0.0,0.0,0.0,10.179071428571431,6.5275,2256.214285714286,276.7857142857143
main,qwen3:4b,p3,storico_base,all,109,46,5,49,9,0,0.8363636363636363,0.7376833477135462,0.9298548094373865,0.09259259259259259,0.02040816326530612,0.17243037135278513,0.9019607843137255,0.8166346153846153,0.9772853535353535,0.8679245283018868,0.7906417710196779,0.932231638418079,11.283477064220182,9.917,2550.7798165137615,207.55045871559633
main,qwen3:4b,p3,storico_base,shai_hulud,15,14,0,0,1,0,0.9333333333333333,0.8,1.0,,,,1.0,1.0,1.0,0.9655172413793104,0.8888888888888888,1.0,11.8726,10.806,3030.9333333333334,199.33333333333334
main,qwen3:4b,p3,storico_base,nato_malevolo,28,25,0,0,3,0,0.8928571428571429,0.75,1.0,,,,1.0,1.0,1.0,0.9433962264150944,0.8571428571428571,1.0,11.664642857142857,9.8345,2273.1785714285716,247.10714285714286
main,qwen3:4b,p3,storico_base,compromesso,12,7,0,0,5,0,0.5833333333333334,0.25,0.8333333333333334,,,,1.0,1.0,1.0,0.7368421052631579,0.4,0.9090909090909091,10.347666666666667,9.16,2429.5833333333335,184.66666666666666
main,qwen3:4b,p3,storico_base,shai_hulud_w1,5,5,0,0,0,0,1.0,1.0,1.0,,,,1.0,1.0,1.0,1.0,1.0,1.0,10.2548,10.401,2646.8,176.4
main,qwen3:4b,p3,storico_base,shai_hulud_w2,5,5,0,0,0,0,1.0,1.0,1.0,,,,1.0,1.0,1.0,1.0,1.0,1.0,12.869200000000001,12.554,3659.0,196.4
main,qwen3:4b,p3,storico_base,shai_hulud_w3,5,4,0,0,1,0,0.8,0.4,1.0,,,,1.0,1.0,1.0,0.8888888888888888,0.5714285714285714,1.0,12.4938,11.023,2787.0,225.2
main,qwen3:4b,p3,storico_base,benigno_popolare,20,0,0,20,0,0,,,,0.0,0.0,0.0,,,,,,,12.06775,8.6345,2944.65,179.15
main,qwen3:4b,p3,storico_base,benigno_difficile,20,0,1,19,0,0,,,,0.05,0.0,0.15,0.0,0.0,0.0,0.0,0.0,0.0,11.03385,10.0165,2632.1,194.85
main,qwen3:4b,p3,storico_base,pulito_accoppiato,14,0,4,10,0,0,,,,0.2857142857142857,0.07142857142857142,0.5,0.0,0.0,0.0,0.0,0.0,0.0,9.928285714285716,7.26,2016.5714285714287,215.57142857142858
rq3,gemma3:4b,p3,storico_w1,all,9,5,1,3,0,0,1.0,1.0,1.0,0.25,0.0,0.75,0.8333333333333334,0.5,1.0,0.9090909090909091,0.6666666666666666,1.0,16.787333333333336,14.413,3134.222222222222,229.11111111111111
rq3,gemma3:4b,p3,storico_w1,shai_hulud,5,5,0,0,0,0,1.0,1.0,1.0,,,,1.0,1.0,1.0,1.0,1.0,1.0,21.578200000000002,18.028,4009.2,281.8
rq3,gemma3:4b,p3,storico_w1,shai_hulud_w2,5,5,0,0,0,0,1.0,1.0,1.0,,,,1.0,1.0,1.0,1.0,1.0,1.0,21.578200000000002,18.028,4009.2,281.8
rq3,gemma3:4b,p3,storico_w1,pulito_accoppiato,4,0,1,3,0,0,,,,0.25,0.0,0.75,0.0,0.0,0.0,0.0,0.0,0.0,10.79875,10.1345,2040.5,163.25
rq3,gemma3:4b,p3,storico_w1w2,all,10,5,2,3,0,0,1.0,1.0,1.0,0.4,0.0,0.8333333333333334,0.7142857142857143,0.3333333333333333,1.0,0.8333333333333334,0.5,1.0,15.030100000000001,14.6365,3014.8,203.4
rq3,gemma3:4b,p3,storico_w1w2,shai_hulud,5,5,0,0,0,0,1.0,1.0,1.0,,,,1.0,1.0,1.0,1.0,1.0,1.0,15.958400000000001,15.337,3086.0,221.8
rq3,gemma3:4b,p3,storico_w1w2,shai_hulud_w3,5,5,0,0,0,0,1.0,1.0,1.0,,,,1.0,1.0,1.0,1.0,1.0,1.0,15.958400000000001,15.337,3086.0,221.8
rq3,gemma3:4b,p3,storico_w1w2,pulito_accoppiato,5,0,2,3,0,0,,,,0.4,0.0,0.8,0.0,0.0,0.0,0.0,0.0,0.0,14.1018,13.936,2943.6,185.0
rq3,llama3.2:3b,p3,storico_w1,all,9,5,0,4,0,0,1.0,1.0,1.0,0.0,0.0,0.0,1.0,1.0,1.0,1.0,1.0,1.0,11.40311111111111,12.495,2722.5555555555557,211.66666666666666
rq3,llama3.2:3b,p3,storico_w1,shai_hulud,5,5,0,0,0,0,1.0,1.0,1.0,,,,1.0,1.0,1.0,1.0,1.0,1.0,14.5148,13.848,3458.4,241.6
rq3,llama3.2:3b,p3,storico_w1,shai_hulud_w2,5,5,0,0,0,0,1.0,1.0,1.0,,,,1.0,1.0,1.0,1.0,1.0,1.0,14.5148,13.848,3458.4,241.6
rq3,llama3.2:3b,p3,storico_w1,pulito_accoppiato,4,0,0,4,0,0,,,,0.0,0.0,0.0,,,,,,,7.5135,7.685499999999999,1802.75,174.25
rq3,llama3.2:3b,p3,storico_w1w2,all,10,4,1,4,1,0,0.8,0.4,1.0,0.2,0.0,0.6066666666666681,0.8,0.39166666666666666,1.0,0.8,0.4,1.0,12.825399999999998,11.416,2630.3,277.6
rq3,llama3.2:3b,p3,storico_w1w2,shai_hulud,5,4,0,0,1,0,0.8,0.4,1.0,,,,1.0,1.0,1.0,0.8888888888888888,0.5714285714285714,1.0,13.424199999999999,10.933,2683.2,288.4
rq3,llama3.2:3b,p3,storico_w1w2,shai_hulud_w3,5,4,0,0,1,0,0.8,0.4,1.0,,,,1.0,1.0,1.0,0.8888888888888888,0.5714285714285714,1.0,13.424199999999999,10.933,2683.2,288.4
rq3,llama3.2:3b,p3,storico_w1w2,pulito_accoppiato,5,0,1,4,0,0,,,,0.2,0.0,0.6,0.0,0.0,0.0,0.0,0.0,0.0,12.226600000000001,11.899,2577.4,266.8
rq3,qwen2.5-coder:7b,p3,storico_w1,all,9,5,1,3,0,0,1.0,1.0,1.0,0.25,0.0,0.75,0.8333333333333334,0.5,1.0,0.9090909090909091,0.6666666666666666,1.0,23.984444444444442,23.728,2821.222222222222,188.66666666666666
rq3,qwen2.5-coder:7b,p3,storico_w1,shai_hulud,5,5,0,0,0,0,1.0,1.0,1.0,,,,1.0,1.0,1.0,1.0,1.0,1.0,30.022199999999998,30.0,3583.2,205.2
rq3,qwen2.5-coder:7b,p3,storico_w1,shai_hulud_w2,5,5,0,0,0,0,1.0,1.0,1.0,,,,1.0,1.0,1.0,1.0,1.0,1.0,30.022199999999998,30.0,3583.2,205.2
rq3,qwen2.5-coder:7b,p3,storico_w1,pulito_accoppiato,4,0,1,3,0,0,,,,0.25,0.0,0.75,0.0,0.0,0.0,0.0,0.0,0.0,16.43725,17.108999999999998,1868.75,168.0
rq3,qwen2.5-coder:7b,p3,storico_w1w2,all,10,4,3,2,1,0,0.8,0.3333333333333333,1.0,0.6,0.0,1.0,0.5714285714285714,0.19916666666666671,1.0,0.6666666666666666,0.25,0.9230769230769231,23.0379,21.351,2730.7,179.1
rq3,qwen2.5-coder:7b,p3,storico_w1w2,shai_hulud,5,4,0,0,1,0,0.8,0.4,1.0,,,,1.0,1.0,1.0,0.8888888888888888,0.5714285714285714,1.0,23.541199999999996,19.807,2802.4,175.4
rq3,qwen2.5-coder:7b,p3,storico_w1w2,shai_hulud_w3,5,4,0,0,1,0,0.8,0.4,1.0,,,,1.0,1.0,1.0,0.8888888888888888,0.5714285714285714,1.0,23.541199999999996,19.807,2802.4,175.4
rq3,qwen2.5-coder:7b,p3,storico_w1w2,pulito_accoppiato,5,0,3,2,0,0,,,,0.6,0.2,1.0,0.0,0.0,0.0,0.0,0.0,0.0,22.534599999999998,24.168,2659.0,182.8
rq3,qwen3:4b,p3,storico_w1,all,9,5,1,3,0,0,1.0,1.0,1.0,0.25,0.0,0.75,0.8333333333333334,0.5,1.0,0.9090909090909091,0.6666666666666666,1.0,14.860888888888887,16.199,2823.222222222222,197.44444444444446
rq3,qwen3:4b,p3,storico_w1,shai_hulud,5,5,0,0,0,0,1.0,1.0,1.0,,,,1.0,1.0,1.0,1.0,1.0,1.0,18.9166,19.467,3585.2,220.0
rq3,qwen3:4b,p3,storico_w1,shai_hulud_w2,5,5,0,0,0,0,1.0,1.0,1.0,,,,1.0,1.0,1.0,1.0,1.0,1.0,18.9166,19.467,3585.2,220.0
rq3,qwen3:4b,p3,storico_w1,pulito_accoppiato,4,0,1,3,0,0,,,,0.25,0.0,0.75,0.0,0.0,0.0,0.0,0.0,0.0,9.79125,9.1665,1870.75,169.25
rq3,qwen3:4b,p3,storico_w1w2,all,10,4,2,3,1,0,0.8,0.3333333333333333,1.0,0.4,0.0,0.8571428571428571,0.6666666666666666,0.25,1.0,0.7272727272727273,0.2857142857142857,1.0,15.254399999999999,14.792000000000002,2732.7,217.6
rq3,qwen3:4b,p3,storico_w1w2,shai_hulud,5,4,0,0,1,0,0.8,0.4,1.0,,,,1.0,1.0,1.0,0.8888888888888888,0.5714285714285714,1.0,16.223000000000003,13.989,2804.4,234.8
rq3,qwen3:4b,p3,storico_w1w2,shai_hulud_w3,5,4,0,0,1,0,0.8,0.4,1.0,,,,1.0,1.0,1.0,0.8888888888888888,0.5714285714285714,1.0,16.223000000000003,13.989,2804.4,234.8
rq3,qwen3:4b,p3,storico_w1w2,pulito_accoppiato,5,0,2,3,0,0,,,,0.4,0.0,0.8,0.0,0.0,0.0,0.0,0.0,0.0,14.2858,17.449,2661.0,200.4
